Алупка,Автономна Республіка Крим
Алушта,Автономна Республіка Крим
Армянськ,Автономна Республіка Крим
Бахчисарай,Автономна Республіка Крим
Білогірськ,Автономна Республіка Крим
Джанкой,Автономна Республіка Крим
Євпаторія,Автономна Республіка Крим
Керч,Автономна Республіка Крим
Красноперекопськ (Яни Капу),Автономна Республіка Крим
Саки,Автономна Республіка Крим
Сімферополь,Автономна Республіка Крим
Старий Крим,Автономна Республіка Крим
Судак,Автономна Республіка Крим
Феодосія,Автономна Республіка Крим
Щолкіне,Автономна Республіка Крим
Ялта,Автономна Республіка Крим
Бар,Вінницька область
Бершадь,Вінницька область
Вінниця,Вінницька область
Гайсин,Вінницька область
Гнівань,Вінницька область
Жмеринка,Вінницька область
Іллінці,Вінницька область
Калинівка,Вінницька область
Козятин,Вінницька область
Ладижин,Вінницька область
Липовець,Вінницька область
Могилів-Подільський,Вінницька область
Немирів,Вінницька область
Погребище,Вінницька область
Тульчин,Вінницька область
Хмільник,Вінницька область
Шаргород,Вінницька область
Ямпіль,Вінницька область
Берестечко,Волинська область
Володимир-Волинський,Волинська область
Горохів,Волинська область
Камінь-Каширський,Волинська область
Ківерці,Волинська область
Ковель,Волинська область
Луцьк,Волинська область
Любомль,Волинська область
Нововолинськ,Волинська область
Рожище,Волинська область
Устилуг,Волинська область
Апостолове,Дніпропетровська область
Верхівцеве,Дніпропетровська область
Верхньодніпровськ,Дніпропетровська область
Вільногірськ,Дніпропетровська область
Дніпро,Дніпропетровська область
Жовті Води,Дніпропетровська область
Зеленодольськ,Дніпропетровська область
Кам'янське,Дніпропетровська область
Кривий Ріг,Дніпропетровська область
Марганець,Дніпропетровська область
Нікополь,Дніпропетровська область
Новомосковськ,Дніпропетровська область
Павлоград,Дніпропетровська область
Перещепине,Дніпропетровська область
Першотравенськ,Дніпропетровська область
Підгородне,Дніпропетровська область
Покров,Дніпропетровська область
П'ятихатки,Дніпропетровська область
Синельникове,Дніпропетровська область
Тернівка,Дніпропетровська область
Авдіївка,Донецька область
Амвросіївка,Донецька область
Бахмут,Донецька область
Білицьке,Донецька область
Білозерське,Донецька область
Бунге,Донецька область
Волноваха,Донецька область
Вуглегірськ,Донецька область
Вугледар,Донецька область
Гірник,Донецька область
Горлівка,Донецька область
Дебальцеве,Донецька область
Добропілля,Донецька область
Докучаєвськ,Донецька область
Донецьк,Донецька область
Дружківка,Донецька область
Єнакієве,Донецька область
Жданівка,Донецька область
Залізне,Донецька область
Зугрес,Донецька область
Іловайськ,Донецька область
Кальміуське,Донецька область
Костянтинівка,Донецька область
Краматорськ,Донецька область
Красногорівка,Донецька область
Курахове,Донецька область
Лиман,Донецька область
Макіївка,Донецька область
Маріуполь,Донецька область
Мар'їнка,Донецька область
Миколаївка,Донецька область
Мирноград,Донецька область
Моспине,Донецька область
Новоазовськ,Донецька область
Новогродівка,Донецька область
Покровськ,Донецька область
Родинське,Донецька область
Світлодарськ,Донецька область
Святогірськ,Донецька область
Селидове,Донецька область
Сіверськ,Донецька область
Слов'янськ,Донецька область
Сніжне,Донецька область
Соледар,Донецька область
Торецьк,Донецька область
Українськ,Донецька область
Харцизьк,Донецька область
Хрестівка,Донецька область
Часів Яр,Донецька область
Чистякове,Донецька область
Шахтарськ,Донецька область
Ясинувата,Донецька область
Андрушівка,Житомирська область
Баранівка,Житомирська область
Бердичів,Житомирська область
Житомир,Житомирська область
Коростень,Житомирська область
Коростишів,Житомирська область
Малин,Житомирська область
Новоград-Волинський,Житомирська область
Овруч,Житомирська область
Олевськ,Житомирська область
Радомишль,Житомирська область
Чуднів,Житомирська область
Берегове,Закарпатська область
Виноградів,Закарпатська область
Іршава,Закарпатська область
Мукачево,Закарпатська область
Перечин,Закарпатська область
Рахів,Закарпатська область
Свалява,Закарпатська область
Тячів,Закарпатська область
Ужгород,Закарпатська область
Хуст,Закарпатська область
Чоп,Закарпатська область
Бердянськ,Запорізька область
Василівка,Запорізька область
Вільнянськ,Запорізька область
Гуляйполе,Запорізька область
Дніпрорудне,Запорізька область
Енергодар,Запорізька область
Запоріжжя,Запорізька область
Кам'янка-Дніпровська,Запорізька область
Мелітополь,Запорізька область
Молочанськ,Запорізька область
Оріхів,Запорізька область
Пологи,Запорізька область
Приморськ,Запорізька область
Токмак,Запорізька область
Болехів,Івано-Франківська область
Бурштин,Івано-Франківська область
Галич,Івано-Франківська область
Городенка,Івано-Франківська область
Долина,Івано-Франківська область
Івано-Франківськ,Івано-Франківська область
Калуш,Івано-Франківська область
Коломия,Івано-Франківська область
Косів,Івано-Франківська область
Надвірна,Івано-Франківська область
Рогатин,Івано-Франківська область
Снятин,Івано-Франківська область
Тисмениця,Івано-Франківська область
Тлумач,Івано-Франківська область
Яремче,Івано-Франківська область
Березань,Київська область
Біла Церква,Київська область
Богуслав,Київська область
Бориспіль,Київська область
Боярка,Київська область
Бровари,Київська область
Буча,Київська область
Васильків,Київська область
Вишгород,Київська область
Вишневе,Київська область
Ірпінь,Київська область
Кагарлик,Київська область
Миронівка,Київська область
Обухів,Київська область
Переяслав,Київська область
Прип'ять,Київська область
Ржищів,Київська область
Сквира,Київська область
Славутич,Київська область
Тараща,Київська область
Тетіїв,Київська область
Узин,Київська область
Українка,Київська область
Фастів,Київська область
Чорнобиль,Київська область
Яготин,Київська область
Благовіщенське,Кіровоградська область
Бобринець,Кіровоградська область
Гайворон,Кіровоградська область
Долинська,Кіровоградська область
Знам'янка,Кіровоградська область
Кропивницький,Кіровоградська область
Мала Виска,Кіровоградська область
Новомиргород,Кіровоградська область
Новоукраїнка,Кіровоградська область
Олександрія,Кіровоградська область
Помічна,Кіровоградська область
Світловодськ,Кіровоградська область
Алмазна,Луганська область
Алчевськ,Луганська область
Антрацит,Луганська область
Боково-Хрустальне,Луганська область
Брянка,Луганська область
Вознесенівка,Луганська область
Гірське,Луганська область
Голубівка,Луганська область
Довжанськ,Луганська область
Зимогір'я,Луганська область
Золоте,Луганська область
Зоринськ,Луганська область
Ірміно,Луганська область
Кадіївка,Луганська область
Кипуче,Луганська область
Кремінна,Луганська область
Лисичанськ,Луганська область
Луганськ,Луганська область
Лутугине,Луганська область
Міусинськ,Луганська область
Молодогвардійськ,Луганська область
Новодружеськ,Луганська область
Олександрівськ,Луганська область
Первомайськ,Луганська область
Перевальськ,Луганська область
Петрово-Красносілля,Луганська область
Попасна,Луганська область
Привілля,Луганська область
Ровеньки,Луганська область
Рубіжне,Луганська область
Сватове,Луганська область
Сєвєродонецьк,Луганська область
Сорокине,Луганська область
Старобільськ,Луганська область
Суходільськ,Луганська область
Хрустальний,Луганська область
Щастя,Луганська область
Белз,Львівська область
Бібрка,Львівська область
Борислав,Львівська область
Броди,Львівська область
Буськ,Львівська область
Великі Мости,Львівська область
Винники,Львівська область
Глиняни,Львівська область
Городок,Львівська область
Добромиль,Львівська область
Дрогобич,Львівська область
Дубляни,Львівська область
Жидачів,Львівська область
Жовква,Львівська область
Золочів,Львівська область
Кам'янка-Бузька,Львівська область
Комарно,Львівська область
Львів,Львівська область
Миколаїв,Львівська область
Моршин,Львівська область
Мостиська,Львівська область
Новий Калинів,Львівська область
Новий Розділ,Львівська область
Новояворівськ,Львівська область
Перемишляни,Львівська область
Пустомити,Львівська область
Рава-Руська,Львівська область
Радехів,Львівська область
Рудки,Львівська область
Самбір,Львівська область
Сколе,Львівська область
Сокаль,Львівська область
Соснівка,Львівська область
Старий Самбір,Львівська область
Стебник,Львівська область
Стрий,Львівська область
Судова Вишня,Львівська область
Трускавець,Львівська область
Турка,Львівська область
Угнів,Львівська область
Хирів,Львівська область
Ходорів,Львівська область
Червоноград,Львівська область
Яворів,Львівська область
Київ,"м. Київ"
Інкерман,"м. Севастополь"
Севастополь,"м. Севастополь"
Баштанка,Миколаївська область
Вознесенськ,Миколаївська область
Миколаїв,Миколаївська область
Нова Одеса,Миколаївська область
Новий Буг,Миколаївська область
Очаків,Миколаївська область
Первомайськ,Миколаївська область
Снігурівка,Миколаївська область
Южноукраїнськ,Миколаївська область
Ананьїв,Одеська область
Арциз,Одеська область
Балта,Одеська область
Березівка,Одеська область
Білгород-Дністровський,Одеська область
Біляївка,Одеська область
Болград,Одеська область
Вилкове,Одеська область
Ізмаїл,Одеська область
Кілія,Одеська область
Кодима,Одеська область
Одеса,Одеська область
Подільськ,Одеська область
Рені,Одеська область
Роздільна,Одеська область
Татарбунари,Одеська область
Теплодар,Одеська область
Чорноморськ,Одеська область
Южне,Одеська область
Гадяч,Полтавська область
Глобине,Полтавська область
Горішні Плавні,Полтавська область
Гребінка,Полтавська область
Заводське,Полтавська область
Зіньків,Полтавська область
Карлівка,Полтавська область
Кобеляки,Полтавська область
Кременчук,Полтавська область
Лохвиця,Полтавська область
Лубни,Полтавська область
Миргород,Полтавська область
Пирятин,Полтавська область
Полтава,Полтавська область
Решетилівка,Полтавська область
Хорол,Полтавська область
Березне,Рівненська область
Вараш,Рівненська область
Дубно,Рівненська область
Дубровиця,Рівненська область
Здолбунів,Рівненська область
Корець,Рівненська область
Костопіль,Рівненська область
Острог,Рівненська область
Радивилів,Рівненська область
Рівне,Рівненська область
Сарни,Рівненська область
Білопілля,Сумська область
Буринь,Сумська область
Ворожба,Сумська область
Глухів,Сумська область
Дружба,Сумська область
Конотоп,Сумська область
Кролевець,Сумська область
Лебедин,Сумська область
Охтирка,Сумська область
Путивль,Сумська область
Ромни,Сумська область
Середина-Буда,Сумська область
Суми,Сумська область
Тростянець,Сумська область
Шостка,Сумська область
Бережани,Тернопільська область
Борщів,Тернопільська область
Бучач,Тернопільська область
Заліщики,Тернопільська область
Збараж,Тернопільська область
Зборів,Тернопільська область
Копичинці,Тернопільська область
Кременець,Тернопільська область
Ланівці,Тернопільська область
Монастириська,Тернопільська область
Підгайці,Тернопільська область
Почаїв,Тернопільська область
Скалат,Тернопільська область
Теребовля,Тернопільська область
Тернопіль,Тернопільська область
Хоростків,Тернопільська область
Чортків,Тернопільська область
Шумськ,Тернопільська область
Балаклія,Харківська область
Барвінкове,Харківська область
Богодухів,Харківська область
Валки,Харківська область
Вовчанськ,Харківська область
Дергачі,Харківська область
Зміїв,Харківська область
Ізюм,Харківська область
Красноград,Харківська область
Куп'янськ,Харківська область
Лозова,Харківська область
Люботин,Харківська область
Мерефа,Харківська область
Первомайський,Харківська область
Південне,Харківська область
Харків,Харківська область
Чугуїв,Харківська область
Берислав,Херсонська область
Генічеськ,Херсонська область
Гола Пристань,Херсонська область
Каховка,Херсонська область
Нова Каховка,Херсонська область
Олешки,Херсонська область
Скадовськ,Херсонська область
Таврійськ,Херсонська область
Херсон,Херсонська область
Волочиськ,Хмельницька область
Городок,Хмельницька область
Деражня,Хмельницька область
Дунаївці,Хмельницька область
Ізяслав,Хмельницька область
Кам'янець-Подільський,Хмельницька область
Красилів,Хмельницька область
Нетішин,Хмельницька область
Полонне,Хмельницька область
Славута,Хмельницька область
Старокостянтинів,Хмельницька область
Хмельницький,Хмельницька область
Шепетівка,Хмельницька область
Ватутіне,Черкаська область
Городище,Черкаська область
Жашків,Черкаська область
Звенигородка,Черкаська область
Золотоноша,Черкаська область
Кам'янка,Черкаська область
Канів,Черкаська область
Корсунь-Шевченківський,Черкаська область
Монастирище,Черкаська область
Сміла,Черкаська область
Тальне,Черкаська область
Умань,Черкаська область
Христинівка,Черкаська область
Черкаси,Черкаська область
Чигирин,Черкаська область
Шпола,Черкаська область
Вашківці,Чернівецька область
Вижниця,Чернівецька область
Герца,Чернівецька область
Заставна,Чернівецька область
Кіцмань,Чернівецька область
Новодністровськ,Чернівецька область
Новоселиця,Чернівецька область
Сокиряни,Чернівецька область
Сторожинець,Чернівецька область
Хотин,Чернівецька область
Чернівці,Чернівецька область
Батурин,Чернігівська область
Бахмач,Чернігівська область
Бобровиця,Чернігівська область
Борзна,Чернігівська область
Городня,Чернігівська область
Ічня,Чернігівська область
Корюківка,Чернігівська область
Мена,Чернігівська область
Ніжин,Чернігівська область
Новгород-Сіверський,Чернігівська область
Носівка,Чернігівська область
Остер,Чернігівська область
Прилуки,Чернігівська область
Семенівка,Чернігівська область
Сновськ,Чернігівська область
Чернігів,Чернігівська область
Аграрне,Автономна Республіка Крим
Аерофлотський,Автономна Республіка Крим
Азовське,Автономна Республіка Крим
Багерове,Автономна Республіка Крим
Берегове,Автономна Республіка Крим
Виноградне,Автономна Республіка Крим
Відрадне,Автономна Республіка Крим
Вільне,Автономна Республіка Крим
Восход,Автономна Республіка Крим
Гаспра,Автономна Республіка Крим
Гвардійське,Автономна Республіка Крим
Голуба Затока,Автономна Республіка Крим
Гресівський,Автономна Республіка Крим
Гурзуф,Автономна Республіка Крим
Заозерне,Автономна Республіка Крим
Зуя,Автономна Республіка Крим
Кацівелі,Автономна Республіка Крим
Кіровське (Іслям-Терек),Автономна Республіка Крим
Коктебель,Автономна Республіка Крим
Комсомольське (Бакачик-Кият),Автономна Республіка Крим
Кореїз,Автономна Республіка Крим
Красногвардійське (Курман),Автономна Республіка Крим
Краснокам'янка,Автономна Республіка Крим
Куйбишеве (Албат),Автономна Республіка Крим
Курортне,Автономна Республіка Крим
Курпати,Автономна Республіка Крим
Леніне (Єди-Кую),Автономна Республіка Крим
Лівадія,Автономна Республіка Крим
Масандра,Автономна Республіка Крим
Миколаївка,Автономна Республіка Крим
Мирний,Автономна Республіка Крим
Молодіжне,Автономна Республіка Крим
Научний,Автономна Республіка Крим
Нижньогірський,Автономна Республіка Крим
Нікіта,Автономна Республіка Крим
Новий Світ,Автономна Республіка Крим
Новоозерне,Автономна Республіка Крим
Новоселівське,Автономна Республіка Крим
Новофедорівка,Автономна Республіка Крим
Октябрське (Біюк-Онлар),Автономна Республіка Крим
Орджонікідзе (Кайгадор),Автономна Республіка Крим
Ореанда,Автономна Республіка Крим
Паркове,Автономна Республіка Крим
Партеніт,Автономна Республіка Крим
Первомайське,Автономна Республіка Крим
Понизівка,Автономна Республіка Крим
Поштове,Автономна Республіка Крим
Приморський,Автономна Республіка Крим
Роздольне,Автономна Республіка Крим
Санаторне,Автономна Республіка Крим
Сімеїз,Автономна Республіка Крим
Совєтське (Долосси),Автономна Республіка Крим
Совєтський (Ічкі),Автономна Республіка Крим
Форос,Автономна Республіка Крим
Чорноморське,Автономна Республіка Крим
Щебетовка,Автономна Республіка Крим
Браїлів,Вінницька область
Брацлав,Вінницька область
Бродецьке,Вінницька область
Вапнярка,Вінницька область
Вендичани,Вінницька область
Вороновиця,Вінницька область
Глухівці,Вінницька область
Дашів,Вінницька область
Десна,Вінницька область
Залізничне,Вінницька область
Кирнасівка,Вінницька область
Копайгород,Вінницька область
Крижопіль,Вінницька область
Літин,Вінницька область
Муровані Курилівці,Вінницька область
Оратів,Вінницька область
Піщанка,Вінницька область
Рудниця,Вінницька область
Ситківці,Вінницька область
Стрижавка,Вінницька область
Сутиски,Вінницька область
Теплик,Вінницька область
Тиврів,Вінницька область
Томашпіль,Вінницька область
Тростянець,Вінницька область
Турбів,Вінницька область
Чернівці,Вінницька область
Чечельник,Вінницька область
Шпиків,Вінницька область
Благодатне,Волинська область
Голоби,Волинська область
Головне,Волинська область
Дубище,Волинська область
Заболоття,Волинська область
Іваничі,Волинська область
Колки,Волинська область
Локачі,Волинська область
Луків,Волинська область
Любешів,Волинська область
Люблинець,Волинська область
Маневичі,Волинська область
Мар'янівка,Волинська область
Олика,Волинська область
Ратне,Волинська область
Рокині,Волинська область
Сенкевичівка,Волинська область
Стара Вижівка,Волинська область
Торчин,Волинська область
Турійськ,Волинська область
Цумань,Волинська область
Шацьк,Волинська область
Авіаторське,Дніпропетровська область
Аули,Дніпропетровська область
Божедарівка,Дніпропетровська область
Васильківка,Дніпропетровська область
Вишневе,Дніпропетровська область
Гвардійське,Дніпропетровська область
Гірницьке,Дніпропетровська область
Губиниха,Дніпропетровська область
Демурине,Дніпропетровська область
Дніпровське,Дніпропетровська область
Залізничне,Дніпропетровська область
Іларіонове,Дніпропетровська область
Карнаухівка,Дніпропетровська область
Кринички,Дніпропетровська область
Курилівка,Дніпропетровська область
Лихівка,Дніпропетровська область
Магдалинівка,Дніпропетровська область
Мар'ївка,Дніпропетровська область
Межова,Дніпропетровська область
Меліоративне,Дніпропетровська область
Миколаївка (Петриківський район),Дніпропетровська область
Миколаївка (Широківський район),Дніпропетровська область
Новомиколаївка,Дніпропетровська область
Новопокровка,Дніпропетровська область
Обухівка,Дніпропетровська область
Петриківка,Дніпропетровська область
Петропавлівка,Дніпропетровська область
Письменне,Дніпропетровська область
Покровське,Дніпропетровська область
Просяна,Дніпропетровська область
Радушне,Дніпропетровська область
Роздори,Дніпропетровська область
Сад,Дніпропетровська область
Славгород,Дніпропетровська область
Слобожанське,Дніпропетровська область
Солоне,Дніпропетровська область
Софіївка,Дніпропетровська область
Томаківка,Дніпропетровська область
Христофорівка,Дніпропетровська область
Царичанка,Дніпропетровська область
Чаплине,Дніпропетровська область
Червоногригорівка,Дніпропетровська область
Черкаське,Дніпропетровська область
Чортомлик,Дніпропетровська область
Широке,Дніпропетровська область
Юр'ївка,Дніпропетровська область
Андріївка (Волноваський район),Донецька область
Андріївка (Слов'янський район),Донецька область
Андріївка (Сніжнянська міська рада),Донецька область
Билбасівка,Донецька область
Біленьке,Донецька область
Благодатне (Волноваський район),Донецька область
Благодатне (Харцизька міська рада),Донецька область
Бойківське,Донецька область
Бражине,Донецька область
Булавинське,Донецька область
Велика Новосілка,Донецька область
Велике Оріхове,Донецька область
Верхньоторецьке,Донецька область
Високе,Донецька область
Вишневе,Донецька область
Вільхівка,Донецька область
Водянське,Донецька область
Володимирівка,Донецька область
Вугляр,Донецька область
Гірне,Донецька область
Гірницьке,Донецька область
Гольмівський,Донецька область
Горбачево-Михайлівка,Донецька область
Гостре,Донецька область
Графське,Донецька область
Гродівка,Донецька область
Грузько-Зорянське,Донецька область
Грузько-Ломівка,Донецька область
Гусельське,Донецька область
Донецьке,Донецька область
Донське,Донецька область
Дробишеве,Донецька область
Дружне,Донецька область
Желанне,Донецька область
Зайцеве,Донецька область
Залісне,Донецька область
Зарічне,Донецька область
Землянки,Донецька область
Зуївка,Донецька область
Іллінка,Донецька область
Керамік,Донецька область
Колосникове,Донецька область
Комишівка,Донецька область
Комишуваха,Донецька область
Контарне,Донецька область
Копані,Донецька область
Корсунь,Донецька область
Красна Гора,Донецька область
Красноторка,Донецька область
Кринична,Донецька область
Курахівка,Донецька область
Курдюмівка,Донецька область
Кутейникове,Донецька область
Ларине,Донецька область
Лиманчук,Донецька область
Липське,Донецька область
Лісне,Донецька область
Луганське,Донецька область
Малотаранівка,Донецька область
Мангуш,Донецька область
Маяк,Донецька область
Межове,Донецька область
Миколаївка,Донецька область
Мирне,Донецька область
Миронівський,Донецька область
Московське,Донецька область
Неліпівка,Донецька область
Нижня Кринка,Донецька область
Никифорове,Донецька область
Нікольське,Донецька область
Новгородське,Донецька область
Новий Світ,Донецька область
Новоамвросіївське,Донецька область
Новогригорівка,Донецька область
Новодонецьке,Донецька область
Новоекономічне,Донецька область
Новомиколаївка,Донецька область
Новоселівка,Донецька область
Новотроїцьке,Донецька область
Олександрівка (Краматорська міська рада),Донецька область
Олександрівка (Мар'їнський район),Донецька область
Олександрівка (Олександрівський район),Донецька область
Олександрівське,Донецька область
Олексієво-Дружківка,Донецька область
Оленівка (Бахмутський район),Донецька область
Оленівка (Волноваський район),Донецька область
Ольгинка,Донецька область
Ольховатка,Донецька область
Очеретине,Донецька область
Пантелеймонівка,Донецька область
Пелагіївка,Донецька область
Первомайське,Донецька область
Первомайський,Донецька область
Петрівка,Донецька область
Південне,Донецька область
Північне,Донецька область
Побєда,Донецька область
Покровка,Донецька область
Прибережне,Донецька область
П'ятипілля,Донецька область
Райгородок,Донецька область
Райське,Донецька область
Розсипне,Донецька область
Сартана,Донецька область
Святогорівка,Донецька область
Сердите,Донецька область
Сєверне,Донецька область
Сєдове,Донецька область
Софіївка (Єнакієвська міська рада),Донецька область
Софіївка (Краматорська міська рада),Донецька область
Старий Крим,Донецька область
Старобешеве,Донецька область
Старомихайлівка,Донецька область
Стіжківське,Донецька область
Талаківка,Донецька область
Троїцько-Харцизьк,Донецька область
Удачне,Донецька область
Холодне,Донецька область
Цукурине,Донецька область
Черкаське,Донецька область
Шабельківка,Донецька область
Шахтне,Донецька область
Шевченко,Донецька область
Широке,Донецька область
Щербинівка,Донецька область
Ялта,Донецька область
Ямпіль,Донецька область
Ярова,Донецька область
Ясинівка,Донецька область
Ясна Поляна,Донецька область
Ясногірка,Донецька область
Биківка,Житомирська область
Біла Криниця,Житомирська область
Брусилів,Житомирська область
Бучмани,Житомирська область
Вакуленчук,Житомирська область
Великі Коровинці,Житомирська область
Головине,Житомирська область
Городниця,Житомирська область
Городок,Житомирська область
Гранітне,Житомирська область
Гришківці,Житомирська область
Гуйва,Житомирська область
Діброва,Житомирська область
Довбиш,Житомирська область
Дружба,Житомирська область
Ємільчине,Житомирська область
Іванопіль,Житомирська область
Іршанськ,Житомирська область
Кам'яний Брід,Житомирська область
Корнин,Житомирська область
Лугини,Житомирська область
Любар,Житомирська область
Мар'янівка,Житомирська область
Миролюбів,Житомирська область
Миропіль,Житомирська область
Народичі,Житомирська область
Нова Борова,Житомирська область
Нові Білокоровичі,Житомирська область
Новогуйвинське,Житомирська область
Новоозерянка,Житомирська область
Озерне,Житомирська область
Першотравенськ,Житомирська область
Першотравневе,Житомирська область
Полянка,Житомирська область
Попільня,Житомирська область
Пулини,Житомирська область
Романів,Житомирська область
Ружин,Житомирська область
Хорошів,Житомирська область
Червоне,Житомирська область
Черняхів,Житомирська область
Чоповичі,Житомирська область
Яблунець,Житомирська область
Батьово,Закарпатська область
Буштино,Закарпатська область
Великий Березний,Закарпатська область
Великий Бичків,Закарпатська область
Вилок,Закарпатська область
Вишково,Закарпатська область
Воловець,Закарпатська область
Дубове,Закарпатська область
Жденієво,Закарпатська область
Кобилецька Поляна,Закарпатська область
Кольчино,Закарпатська область
Королево,Закарпатська область
Міжгір'я,Закарпатська область
Середнє,Закарпатська область
Солотвино,Закарпатська область
Тересва,Закарпатська область
Усть-Чорна,Закарпатська область
Чинадійово,Закарпатська область
Ясіня,Закарпатська область
Андріївка,Запорізька область
Балабине,Запорізька область
Більмак,Запорізька область
Веселе,Запорізька область
Залізничне,Запорізька область
Кам'яне,Запорізька область
Кирилівка,Запорізька область
Комиш-Зоря,Запорізька область
Комишуваха,Запорізька область
Кушугум,Запорізька область
Малокатеринівка,Запорізька область
Мирне,Запорізька область
Михайлівка,Запорізька область
Нововасилівка,Запорізька область
Новомиколаївка,Запорізька область
Приазовське,Запорізька область
Пришиб,Запорізька область
Розівка,Запорізька область
Степногірськ,Запорізька область
Тернувате,Запорізька область
Чернігівка,Запорізька область
Якимівка,Запорізька область
Битків,Івано-Франківська область
Більшівці,Івано-Франківська область
Богородчани,Івано-Франківська область
Брошнів-Осада,Івано-Франківська область
Букачівці,Івано-Франківська область
Верховина,Івано-Франківська область
Вигода,Івано-Франківська область
Войнилів,Івано-Франківська область
Ворохта,Івано-Франківська область
Гвіздець,Івано-Франківська область
Делятин,Івано-Франківська область
Єзупіль,Івано-Франківська область
Заболотів,Івано-Франківська область
Кути,Івано-Франківська область
Ланчин,Івано-Франківська область
Лисець,Івано-Франківська область
Обертин,Івано-Франківська область
Отинія,Івано-Франківська область
Перегінське,Івано-Франківська область
Печеніжин,Івано-Франківська область
Рожнятів,Івано-Франківська область
Солотвин,Івано-Франківська область
Чернелиця,Івано-Франківська область
Яблунів,Івано-Франківська область
Бабинці,Київська область
Баришівка,Київська область
Борова,Київська область
Бородянка,Київська область
Велика Димерка,Київська область
Володарка,Київська область
Ворзель,Київська область
Глеваха,Київська область
Гостомель,Київська область
Гребінки,Київська область
Димер,Київська область
Дослідницьке,Київська область
Згурівка,Київська область
Іванків,Київська область
Калинівка (Броварський район),Київська область
Калинівка (Васильківський район),Київська область
Калита,Київська область
Клавдієво-Тарасове,Київська область
Кодра,Київська область
Кожанка,Київська область
Козин,Київська область
Коцюбинське,Київська область
Красятичі,Київська область
Макарів,Київська область
Немішаєве,Київська область
Пісківка,Київська область
Рокитне,Київська область
Ставище,Київська область
Терезине,Київська область
Чабани,Київська область
Балахівка,Кіровоградська область
Вільшанка,Кіровоградська область
Власівка,Кіровоградська область
Голованівськ,Кіровоградська область
Добровеличківка,Кіровоградська область
Єлизаветградка,Кіровоградська область
Завалля,Кіровоградська область
Знам'янка Друга,Кіровоградська область
Капітанівка,Кіровоградська область
Компаніївка,Кіровоградська область
Лісове,Кіровоградська область
Молодіжне,Кіровоградська область
Нова Прага,Кіровоградська область
Новгородка,Кіровоградська область
Нове,Кіровоградська область
Новоархангельськ,Кіровоградська область
Олександрівка,Кіровоградська область
Олександрійське,Кіровоградська область
Онуфріївка,Кіровоградська область
Павлиш,Кіровоградська область
Пантаївка,Кіровоградська область
Петрове,Кіровоградська область
Побузьке,Кіровоградська область
Приютівка,Кіровоградська область
Салькове,Кіровоградська область
Смоліне,Кіровоградська область
Устинівка,Кіровоградська область
Байрачки,Луганська область
Біле,Луганська область
Біловодськ,Луганська область
Білогорівка,Луганська область
Білокуракине,Луганська область
Білолуцьк,Луганська область
Білоріченський,Луганська область
Боково-Платове,Луганська область
Борівське,Луганська область
Бугаївка,Луганська область
Буран,Луганська область
Вальянівське,Луганська область
Ведмеже,Луганська область
Великий Лог,Луганська область
Великокам'янка,Луганська область
Вергулівка,Луганська область
Верхній Нагольчик,Луганська область
Вовчоярівка,Луганська область
Воронове,Луганська область
Врубівка,Луганська область
Врубівський,Луганська область
Ганнівка,Луганська область
Георгіївка,Луганська область
Гірне,Луганська область
Гірник,Луганська область
Глибокий,Луганська область
Городище,Луганська область
Грушове,Луганська область
Донецький,Луганська область
Дубівський,Луганська область
Дубове,Луганська область
Єсаулівка,Луганська область
Запоріжжя,Луганська область
Іванівка,Луганська область
Іванівське,Луганська область
Ізварине,Луганська область
Калинове,Луганська область
Кам'яне,Луганська область
Картушине,Луганська область
Катеринівка,Луганська область
Кленовий,Луганська область
Княгинівка,Луганська область
Комишуваха,Луганська область
Комісарівка,Луганська область
Красний Кут,Луганська область
Краснодарський,Луганська область
Красноріченське,Луганська область
Криничанське,Луганська область
Криничне,Луганська область
Кріпенський,Луганська область
Кундрюче,Луганська область
Лозівський,Луганська область
Лозно-Олександрівка,Луганська область
Ломуватка,Луганська область
Любимівка,Луганська область
Маломиколаївка,Луганська область
Малорязанцеве,Луганська область
Марія,Луганська область
Марківка,Луганська область
Метьолкіне,Луганська область
Мирна Долина,Луганська область
Мирне,Луганська область
Михайлівка (Перевальський район),Луганська область
Михайлівка (Ровеньківська міська рада),Луганська область
Мілове,Луганська область
Нагольно-Тарасівка,Луганська область
Нижнє,Луганська область
Нижній Нагольчик,Луганська область
Нижня Дуванка,Луганська область
Новоайдар,Луганська область
Новодар'ївка,Луганська область
Новоолександрівка,Луганська область
Новопсков,Луганська область
Новосвітлівка,Луганська область
Новотошківське,Луганська область
Павлівка,Луганська область
Петропавлівка,Луганська область
Родакове,Луганська область
Садово-Хрустальненський,Луганська область
Селезнівка,Луганська область
Сентянівка,Луганська область
Сєверний,Луганська область
Сєверо-Гундорівський,Луганська область
Сиротине,Луганська область
Сімейкине,Луганська область
Слов'яносербськ,Луганська область
Софіївський,Луганська область
Станиця Луганська,Луганська область
Талове,Луганська область
Тацине,Луганська область
Тепле,Луганська область
Тошківка,Луганська область
Троїцьке,Луганська область
Урало-Кавказ,Луганська область
Успенка,Луганська область
Фащівка (Антрацитівський район),Луганська область
Фащівка (Перевальський район),Луганська область
Федорівка,Луганська область
Хрустальне,Луганська область
Центральний,Луганська область
Челюскінець,Луганська область
Чорнухине,Луганська область
Шахтарське,Луганська область
Штерівка,Луганська область
Щотове,Луганська область
Южна Ломуватка,Луганська область
Юр'ївка,Луганська область
Ясенівський,Луганська область
Ящикове,Луганська область
Бориня,Львівська область
Брюховичі,Львівська область
Великий Любінь,Львівська область
Верхнє Синьовидне,Львівська область
Гірник,Львівська область
Гніздичів,Львівська область
Дашава,Львівська область
Добротвір,Львівська область
Дубляни,Львівська область
Жвирка,Львівська область
Журавно,Львівська область
Запитів,Львівська область
Івано-Франкове,Львівська область
Краковець,Львівська область
Красне,Львівська область
Куликів,Львівська область
Лопатин,Львівська область
Магерів,Львівська область
Меденичі,Львівська область
Немирів,Львівська область
Нижанковичі,Львівська область
Новий Яричів,Львівська область
Нові Стрілища,Львівська область
Олесько,Львівська область
Підбуж,Львівська область
Підкамінь,Львівська область
Поморяни,Львівська область
Розділ,Львівська область
Рудне,Львівська область
Славське,Львівська область
Стара Сіль,Львівська область
Східниця,Львівська область
Шкло,Львівська область
Щирець,Львівська область
Арбузинка,Миколаївська область
Березанка,Миколаївська область
Березнегувате,Миколаївська область
Братське,Миколаївська область
Веселинове,Миколаївська область
Воскресенське,Миколаївська область
Врадіївка,Миколаївська область
Доманівка,Миколаївська область
Єланець,Миколаївська область
Казанка,Миколаївська область
Костянтинівка,Миколаївська область
Криве Озеро,Миколаївська область
Олександрівка,Миколаївська область
Ольшанське,Миколаївська область
Первомайське,Миколаївська область
Підгородна,Миколаївська область
Токарівка,Миколаївська область
Авангард,Одеська область
Березине,Одеська область
Бородіно,Одеська область
Велика Михайлівка,Одеська область
Великодолинське,Одеська область
Доброслав,Одеська область
Затишшя,Одеська область
Затока,Одеська область
Захарівка,Одеська область
Зеленогірське,Одеська область
Іванівка,Одеська область
Лиманське,Одеська область
Любашівка,Одеська область
Миколаївка,Одеська область
Нові Білярі,Одеська область
Овідіополь,Одеська область
Окни,Одеська область
Олександрівка,Одеська область
Петрівка,Одеська область
Радісне,Одеська область
Раухівка,Одеська область
Саврань,Одеська область
Сарата,Одеська область
Сергіївка,Одеська область
Серпневе,Одеська область
Слобідка,Одеська область
Суворове,Одеська область
Таїрове,Одеська область
Тарутине,Одеська область
Хлібодарське,Одеська область
Цебрикове,Одеська область
Чорноморське,Одеська область
Ширяєве,Одеська область
Білики,Полтавська область
Велика Багачка,Полтавська область
Гоголеве,Полтавська область
Градизьк,Полтавська область
Диканька,Полтавська область
Козельщина,Полтавська область
Комишня,Полтавська область
Котельва,Полтавська область
Машівка,Полтавська область
Нова Галещина,Полтавська область
Нові Санжари,Полтавська область
Новооржицьке,Полтавська область
Опішня,Полтавська область
Оржиця,Полтавська область
Ромодан,Полтавська область
Семенівка,Полтавська область
Скороходове,Полтавська область
Чорнухи,Полтавська область
Чутове,Полтавська область
Шишаки,Полтавська область
Володимирець,Рівненська область
Гоща,Рівненська область
Демидівка,Рівненська область
Зарічне,Рівненська область
Квасилів,Рівненська область
Клевань,Рівненська область
Клесів,Рівненська область
Мізоч,Рівненська область
Млинів,Рівненська область
Оржів,Рівненська область
Рафалівка,Рівненська область
Рокитне,Рівненська область
Смига,Рівненська область
Соснове,Рівненська область
Степань,Рівненська область
Томашгород,Рівненська область
Велика Писарівка,Сумська область
Вороніж,Сумська область
Дубов'язівка,Сумська область
Есмань,Сумська область
Зноб-Новгородське,Сумська область
Кириківка,Сумська область
Краснопілля,Сумська область
Липова Долина,Сумська область
Миколаївка,Сумська область
Недригайлів,Сумська область
Низи,Сумська область
Свеса,Сумська область
Степанівка,Сумська область
Терни,Сумська область
Угроїди,Сумська область
Улянівка,Сумська область
Хотінь,Сумська область
Чупахівка,Сумська область
Шалигине,Сумська область
Ямпіль,Сумська область
Велика Березовиця,Тернопільська область
Великі Бірки,Тернопільська область
Вишнівець,Тернопільська область
Гримайлів,Тернопільська область
Гусятин,Тернопільська область
Дружба,Тернопільська область
Заводське,Тернопільська область
Залізці,Тернопільська область
Золотий Потік,Тернопільська область
Козлів,Тернопільська область
Козова,Тернопільська область
Коропець,Тернопільська область
Мельниця-Подільська,Тернопільська область
Микулинці,Тернопільська область
Підволочиськ,Тернопільська область
Скала-Подільська,Тернопільська область
Товсте,Тернопільська область
Андріївка,Харківська область
Бабаї,Харківська область
Безлюдівка,Харківська область
Березівка,Харківська область
Білий Колодязь,Харківська область
Бірки,Харківська область
Близнюки,Харківська область
Борова,Харківська область
Буди,Харківська область
Васищеве,Харківська область
Введенка,Харківська область
Великий Бурлук,Харківська область
Високий,Харківська область
Вільча,Харківська область
Вільшани,Харківська область
Гути,Харківська область
Дворічна,Харківська область
Донець,Харківська область
Есхар,Харківська область
Зачепилівка,Харківська область
Зідьки,Харківська область
Золочів,Харківська область
Кегичівка,Харківська область
Ківшарівка,Харківська область
Ков'яги,Харківська область
Козача Лопань,Харківська область
Коломак,Харківська область
Коротич,Харківська область
Костянтинівка,Харківська область
Кочеток,Харківська область
Краснокутськ,Харківська область
Краснопавлівка,Харківська область
Кулиничі,Харківська область
Куп'янськ-Вузловий,Харківська область
Мала Данилівка,Харківська область
Малинівка,Харківська область
Манченки,Харківська область
Нова Водолага,Харківська область
Новопокровка,Харківська область
Орілька,Харківська область
Панютине,Харківська область
Пересічне,Харківська область
Печеніги,Харківська область
Пісочин,Харківська область
Покотилівка,Харківська область
Приколотне,Харківська область
Прудянка,Харківська область
Рогань,Харківська область
Савинці,Харківська область
Сахновщина,Харківська область
Слатине,Харківська область
Слобожанське (Зміївський район),Харківська область
Слобожанське (Кегичівський район),Харківська область
Солоницівка,Харківська область
Старий Мерчик,Харківська область
Старий Салтів,Харківська область
Утківка,Харківська область
Хорошеве,Харківська область
Чкаловське,Харківська область
Шарівка,Харківська область
Шевченкове,Харківська область
Антонівка,Херсонська область
Архангельське,Херсонська область
Асканія-Нова,Херсонська область
Біла Криниця,Херсонська область
Білозерка,Херсонська область
Брилівка,Херсонська область
Велика Лепетиха,Херсонська область
Велика Олександрівка,Херсонська область
Верхній Рогачик,Херсонська область
Високопілля,Херсонська область
Горностаївка,Херсонська область
Дніпряни,Херсонська область
Зеленівка,Херсонська область
Іванівка,Херсонська область
Каланчак,Херсонська область
Калинівське,Херсонська область
Кар'єрне,Херсонська область
Козацьке,Херсонська область
Комишани,Херсонська область
Лазурне,Херсонська область
Любимівка,Херсонська область
Мирне,Херсонська область
Наддніпрянське,Херсонська область
Нижні Сірогози,Херсонська область
Нова Маячка,Херсонська область
Нововоронцовка,Херсонська область
Новоолексіївка,Херсонська область
Новотроїцьке,Херсонська область
Рикове,Херсонська область
Сиваське,Херсонська область
Чаплинка,Херсонська область
Антоніни,Хмельницька область
Базалія,Хмельницька область
Білогір'я,Хмельницька область
Війтівці,Хмельницька область
Віньківці,Хмельницька область
Вовковинці,Хмельницька область
Гриців,Хмельницька область
Дунаївці,Хмельницька область
Закупне,Хмельницька область
Летичів,Хмельницька область
Лозове,Хмельницька область
Меджибіж,Хмельницька область
Наркевичі,Хмельницька область
Нова Ушиця,Хмельницька область
Понінка,Хмельницька область
Сатанів,Хмельницька область
Смотрич,Хмельницька область
Стара Синява,Хмельницька область
Стара Ушиця,Хмельницька область
Теофіполь,Хмельницька область
Чемерівці,Хмельницька область
Чорний Острів,Хмельницька область
Ямпіль,Хмельницька область
Ярмолинці,Хмельницька область
Бабанка,Черкаська область
Буки,Черкаська область
Верхнячка,Черкаська область
Вільшана,Черкаська область
Драбів,Черкаська область
Єрки,Черкаська область
Ірдинь,Черкаська область
Катеринопіль,Черкаська область
Лисянка,Черкаська область
Маньківка,Черкаська область
Стеблів,Черкаська область
Цвіткове,Черкаська область
Цибулів,Черкаська область
Чорнобай,Черкаська область
Берегомет,Чернівецька область
Глибока,Чернівецька область
Кельменці,Чернівецька область
Кострижівка,Чернівецька область
Красноїльськ,Чернівецька область
Лужани,Чернівецька область
Неполоківці,Чернівецька область
Путила,Чернівецька область
Березна,Чернігівська область
Варва,Чернігівська область
Гончарівське,Чернігівська область
Десна,Чернігівська область
Дігтярі,Чернігівська область
Дмитрівка,Чернігівська область
Добрянка,Чернігівська область
Дружба,Чернігівська область
Замглай,Чернігівська область
Козелець,Чернігівська область
Короп,Чернігівська область
Куликівка,Чернігівська область
Ладан,Чернігівська область
Линовиця,Чернігівська область
Лосинівка,Чернігівська область
Любеч,Чернігівська область
Макошине,Чернігівська область
Мала Дівиця,Чернігівська область
Михайло-Коцюбинське,Чернігівська область
Олишівка,Чернігівська область
Парафіївка,Чернігівська область
Понорниця,Чернігівська область
Радуль,Чернігівська область
Ріпки,Чернігівська область
Седнів,Чернігівська область
Сосниця,Чернігівська область
Срібне,Чернігівська область
Талалаївка,Чернігівська область
Холми,Чернігівська область